<?xml version="1.0" encoding="UTF-8" standalone="yes"?>
<CodeList xmlns="http://docs.oasis-open.org/codelist/ns/genericode/1.0/">
	<Identification>
		<ShortName>InvoiceBaseType</ShortName>
		<Version></Version>
		<CanonicalUri></CanonicalUri>
		<CanonicalVersionUri></CanonicalVersionUri>
	</Identification>
	<ColumnSet>
		<Column Id="code" Use="required">
			<ShortName>Code</ShortName>
			<Data Type="string"/>
		</Column>
		<Column Id="name" Use="optional">
			<ShortName>Name</ShortName>
			<Data Type="string"/>
		</Column>
		<Key Id="codeKey">
			<ShortName>CodeKey</ShortName>
			<ColumnRef Ref="code"/>
		</Key>
	</ColumnSet>
	<SimpleCodeList>
		<Row>
			
			<Value ColumnRef="code">
				<SimpleValue>CC</SimpleValue>
			</Value>
			<Value ColumnRef="name">
				<SimpleValue>Industry commodity code</SimpleValue>
			</Value>
		</Row>
		<Row>
			
			<Value ColumnRef="code">
				<SimpleValue>AA</SimpleValue>
			</Value>
			<Value ColumnRef="name">
				<SimpleValue>Product version number</SimpleValue>
			</Value>
		</Row>
		<Row>
			
			<Value ColumnRef="code">
				<SimpleValue>CG</SimpleValue>
			</Value>
			<Value ColumnRef="name">
				<SimpleValue>Commodity grouping</SimpleValue>
			</Value>
		</Row>
		<Row>
			
			<Value ColumnRef="code">
				<SimpleValue>EF</SimpleValue>
			</Value>
			<Value ColumnRef="name">
				<SimpleValue>Material code</SimpleValue>
			</Value>
		</Row>
		<Row>
			
			<Value ColumnRef="code">
				<SimpleValue>GB</SimpleValue>
			</Value>
			<Value ColumnRef="name">
				<SimpleValue>Buyer's internal product group code</SimpleValue>
			</Value>
		</Row>
			<Row>
			
			<Value ColumnRef="code">
				<SimpleValue>MN</SimpleValue>
			</Value>
			<Value ColumnRef="name">
				<SimpleValue>Model number</SimpleValue>
			</Value>
		</Row>
		<Row>
			
			<Value ColumnRef="code">
				<SimpleValue>HS</SimpleValue>
			</Value>
			<Value ColumnRef="name">
				<SimpleValue>Harmonised system</SimpleValue>
			</Value>
		</Row>
			<Row>
			
			<Value ColumnRef="code">
				<SimpleValue>SN</SimpleValue>
			</Value>
			<Value ColumnRef="name">
				<SimpleValue>Serial number</SimpleValue>
			</Value>
		</Row>
			<Row>
			
			<Value ColumnRef="code">
				<SimpleValue>NB</SimpleValue>
			</Value>
			<Value ColumnRef="name">
				<SimpleValue>Batch number</SimpleValue>
			</Value>
		</Row>
		<Row>
			
			<Value ColumnRef="code">
				<SimpleValue>MP</SimpleValue>
			</Value>
			<Value ColumnRef="name">
				<SimpleValue>Product/service identification number/ UNSPSC</SimpleValue>
			</Value>
		</Row>
			<Row>
			
			<Value ColumnRef="code">
				<SimpleValue>SSU</SimpleValue>
			</Value>
			<Value ColumnRef="name">
				<SimpleValue>Supplier assigned classification</SimpleValue>
			</Value>
		</Row>
		<Row>
			
			<Value ColumnRef="code">
				<SimpleValue>SSO</SimpleValue>
			</Value>
			<Value ColumnRef="name">
				<SimpleValue>UN Dangerous Goods List</SimpleValue>
			</Value>
		</Row>
		
		<Row>
			
			<Value ColumnRef="code">
				<SimpleValue>STI</SimpleValue>
			</Value>
			<Value ColumnRef="name">
				<SimpleValue>CPV</SimpleValue>
			</Value>
		</Row>
		<Row>
			
			<Value ColumnRef="code">
				<SimpleValue>STL</SimpleValue>
			</Value>
			<Value ColumnRef="name">
				<SimpleValue>ATC classification system</SimpleValue>
			</Value>
		</Row>
		
		<Row>
			
			<Value ColumnRef="code">
				<SimpleValue>STQ</SimpleValue>
			</Value>
			<Value ColumnRef="name">
				<SimpleValue>eCl@ss</SimpleValue>
			</Value>
		</Row>
		
		<Row>
			
			<Value ColumnRef="code">
				<SimpleValue>TSP</SimpleValue>
			</Value>
			<Value ColumnRef="name">
				<SimpleValue>EU Combined Nomenclature</SimpleValue>
			</Value>
		</Row>
		<Row>
			
			<Value ColumnRef="code">
				<SimpleValue>TSS</SimpleValue>
			</Value>
			<Value ColumnRef="name">
				<SimpleValue>Price grouping code</SimpleValue>
			</Value>
		</Row>
		<Row>
			
			<Value ColumnRef="code">
				<SimpleValue>TST</SimpleValue>
			</Value>
			<Value ColumnRef="name">
				<SimpleValue>UNSPSC</SimpleValue>
			</Value>
		</Row>
		<Row>
			
			<Value ColumnRef="code">
				<SimpleValue>ZZZ</SimpleValue>
			</Value>
			<Value ColumnRef="name">
				<SimpleValue>Mutually defined</SimpleValue>
			</Value>
		</Row>
		
		
	</SimpleCodeList>
</CodeList>
