<?xml version="1.0" encoding="UTF-8" standalone="yes"?>
<CodeList xmlns="http://docs.oasis-open.org/codelist/ns/genericode/1.0/">
	<Identification>
		<ShortName>UNCL4461</ShortName>
		<Version></Version>
		<CanonicalUri></CanonicalUri>
		<CanonicalVersionUri></CanonicalVersionUri>
	</Identification>
	<ColumnSet>
		<Column Id="code" Use="required">
			<ShortName>Code</ShortName>
			<Data Type="string"/>
		</Column>
		<Column Id="name" Use="optional">
			<ShortName>Name</ShortName>
			<Data Type="string"/>
		</Column>
		<Key Id="codeKey">
			<ShortName>CodeKey</ShortName>
			<ColumnRef Ref="code"/>
		</Key>
	</ColumnSet>
	<SimpleCodeList>
		<Row>
			
			<Value ColumnRef="code">
				<SimpleValue>1</SimpleValue>
			</Value>
			<Value ColumnRef="name">
				<SimpleValue>Instrument not defined</SimpleValue>
			</Value>
		</Row>
		<Row>
			
			<Value ColumnRef="code">
				<SimpleValue>2</SimpleValue>
			</Value>
			<Value ColumnRef="name">
				<SimpleValue>Automated clearing house credit</SimpleValue>
			</Value>
		</Row>
		<Row>
			
			<Value ColumnRef="code">
				<SimpleValue>3</SimpleValue>
			</Value>
			<Value ColumnRef="name">
				<SimpleValue>Automated clearing house debit</SimpleValue>
			</Value>
		</Row>
		<Row>
			
			<Value ColumnRef="code">
				<SimpleValue>4</SimpleValue>
			</Value>
			<Value ColumnRef="name">
				<SimpleValue>ACH demand debit reversal</SimpleValue>
			</Value>
		</Row>
		<Row>
			
			<Value ColumnRef="code">
				<SimpleValue>5</SimpleValue>
			</Value>
			<Value ColumnRef="name">
				<SimpleValue>ACH demand credit reversal</SimpleValue>
			</Value>
		</Row>
		<Row>
			
			<Value ColumnRef="code">
				<SimpleValue>6</SimpleValue>
			</Value>
			<Value ColumnRef="name">
				<SimpleValue>ACH demand credit</SimpleValue>
			</Value>
		</Row>
		<Row>
			
			<Value ColumnRef="code">
				<SimpleValue>7</SimpleValue>
			</Value>
			<Value ColumnRef="name">
				<SimpleValue>ACH demand debit</SimpleValue>
			</Value>
		</Row>
		<Row>
			
			<Value ColumnRef="code">
				<SimpleValue>8</SimpleValue>
			</Value>
			<Value ColumnRef="name">
				<SimpleValue>Hold</SimpleValue>
			</Value>
		</Row>
		<Row>
			
			<Value ColumnRef="code">
				<SimpleValue>9</SimpleValue>
			</Value>
			<Value ColumnRef="name">
				<SimpleValue>National or regional clearing</SimpleValue>
			</Value>
		</Row>
		<Row>
			
			<Value ColumnRef="code">
				<SimpleValue>10</SimpleValue>
			</Value>
			<Value ColumnRef="name">
				<SimpleValue>In cash</SimpleValue>
			</Value>
		</Row>
		<Row>
			
			<Value ColumnRef="code">
				<SimpleValue>11</SimpleValue>
			</Value>
			<Value ColumnRef="name">
				<SimpleValue>ACH savings credit reversal</SimpleValue>
			</Value>
		</Row>
		<Row>
			
			<Value ColumnRef="code">
				<SimpleValue>12</SimpleValue>
			</Value>
			<Value ColumnRef="name">
				<SimpleValue>ACH savings debit reversal</SimpleValue>
			</Value>
		</Row>
		<Row>
			
			<Value ColumnRef="code">
				<SimpleValue>13</SimpleValue>
			</Value>
			<Value ColumnRef="name">
				<SimpleValue>ACH savings credit</SimpleValue>
			</Value>
		</Row>
		<Row>
			
			<Value ColumnRef="code">
				<SimpleValue>14</SimpleValue>
			</Value>
			<Value ColumnRef="name">
				<SimpleValue>ACH savings debit</SimpleValue>
			</Value>
		</Row>
		<Row>
			
			<Value ColumnRef="code">
				<SimpleValue>15</SimpleValue>
			</Value>
			<Value ColumnRef="name">
				<SimpleValue>Bookentry credit</SimpleValue>
			</Value>
		</Row>
		<Row>
			
			<Value ColumnRef="code">
				<SimpleValue>16</SimpleValue>
			</Value>
			<Value ColumnRef="name">
				<SimpleValue>Bookentry debit</SimpleValue>
			</Value>
		</Row>
		<Row>
			
			<Value ColumnRef="code">
				<SimpleValue>17</SimpleValue>
			</Value>
			<Value ColumnRef="name">
				<SimpleValue>ACH demand cash concentration/disbursement (CCD) credit</SimpleValue>
			</Value>
		</Row>
		<Row>
			
			<Value ColumnRef="code">
				<SimpleValue>18</SimpleValue>
			</Value>
			<Value ColumnRef="name">
				<SimpleValue>ACH demand cash concentration/disbursement (CCD) debit</SimpleValue>
			</Value>
		</Row>
		<Row>
			
			<Value ColumnRef="code">
				<SimpleValue>19</SimpleValue>
			</Value>
			<Value ColumnRef="name">
				<SimpleValue>ACH demand corporate trade payment (CTP) credit</SimpleValue>
			</Value>
		</Row>
		<Row>
			
			<Value ColumnRef="code">
				<SimpleValue>20</SimpleValue>
			</Value>
			<Value ColumnRef="name">
				<SimpleValue>Cheque</SimpleValue>
			</Value>
		</Row>
		<Row>
			
			<Value ColumnRef="code">
				<SimpleValue>21</SimpleValue>
			</Value>
			<Value ColumnRef="name">
				<SimpleValue>Banker's draft</SimpleValue>
			</Value>
		</Row>
		<Row>
			
			<Value ColumnRef="code">
				<SimpleValue>22</SimpleValue>
			</Value>
			<Value ColumnRef="name">
				<SimpleValue>Certified banker's draft</SimpleValue>
			</Value>
		</Row>
		<Row>
			
			<Value ColumnRef="code">
				<SimpleValue>23</SimpleValue>
			</Value>
			<Value ColumnRef="name">
				<SimpleValue>Bank cheque (issued by a banking or similar establishment)</SimpleValue>
			</Value>
		</Row>
		<Row>
			
			<Value ColumnRef="code">
				<SimpleValue>24</SimpleValue>
			</Value>
			<Value ColumnRef="name">
				<SimpleValue>Bill of exchange awaiting acceptance</SimpleValue>
			</Value>
		</Row>
		<Row>
			
			<Value ColumnRef="code">
				<SimpleValue>25</SimpleValue>
			</Value>
			<Value ColumnRef="name">
				<SimpleValue>Certified cheque</SimpleValue>
			</Value>
		</Row>
		<Row>
			
			<Value ColumnRef="code">
				<SimpleValue>26</SimpleValue>
			</Value>
			<Value ColumnRef="name">
				<SimpleValue>Local cheque</SimpleValue>
			</Value>
		</Row>
		<Row>
			
			<Value ColumnRef="code">
				<SimpleValue>27</SimpleValue>
			</Value>
			<Value ColumnRef="name">
				<SimpleValue>ACH demand corporate trade payment (CTP) debit</SimpleValue>
			</Value>
		</Row>
		<Row>
			
			<Value ColumnRef="code">
				<SimpleValue>28</SimpleValue>
			</Value>
			<Value ColumnRef="name">
				<SimpleValue>ACH demand corporate trade exchange (CTX) credit</SimpleValue>
			</Value>
		</Row>
		<Row>
			
			<Value ColumnRef="code">
				<SimpleValue>29</SimpleValue>
			</Value>
			<Value ColumnRef="name">
				<SimpleValue>ACH demand corporate trade exchange (CTX) debit</SimpleValue>
			</Value>
		</Row>
		<Row>
			
			<Value ColumnRef="code">
				<SimpleValue>30</SimpleValue>
			</Value>
			<Value ColumnRef="name">
				<SimpleValue>Credit transfer</SimpleValue>
			</Value>
		</Row>
		<Row>
			
			<Value ColumnRef="code">
				<SimpleValue>31</SimpleValue>
			</Value>
			<Value ColumnRef="name">
				<SimpleValue>Debit transfer</SimpleValue>
			</Value>
		</Row>
		<Row>
			
			<Value ColumnRef="code">
				<SimpleValue>32</SimpleValue>
			</Value>
			<Value ColumnRef="name">
				<SimpleValue>ACH demand cash concentration/disbursement plus (CCD+) credit</SimpleValue>
			</Value>
		</Row>
		<Row>
			
			<Value ColumnRef="code">
				<SimpleValue>33</SimpleValue>
			</Value>
			<Value ColumnRef="name">
				<SimpleValue>ACH demand cash concentration/disbursement plus (CCD+) debit</SimpleValue>
			</Value>
		</Row>
		<Row>
			
			<Value ColumnRef="code">
				<SimpleValue>34</SimpleValue>
			</Value>
			<Value ColumnRef="name">
				<SimpleValue>ACH prearranged payment and deposit (PPD)</SimpleValue>
			</Value>
		</Row>
		<Row>
			
			<Value ColumnRef="code">
				<SimpleValue>35</SimpleValue>
			</Value>
			<Value ColumnRef="name">
				<SimpleValue>ACH savings cash concentration/disbursement (CCD) credit</SimpleValue>
			</Value>
		</Row>
		<Row>
			
			<Value ColumnRef="code">
				<SimpleValue>36</SimpleValue>
			</Value>
			<Value ColumnRef="name">
				<SimpleValue>ACH savings cash concentration/disbursement (CCD) debit</SimpleValue>
			</Value>
		</Row>
		<Row>
			
			<Value ColumnRef="code">
				<SimpleValue>37</SimpleValue>
			</Value>
			<Value ColumnRef="name">
				<SimpleValue>ACH savings corporate trade payment (CTP) credit</SimpleValue>
			</Value>
		</Row>
		<Row>
			
			<Value ColumnRef="code">
				<SimpleValue>38</SimpleValue>
			</Value>
			<Value ColumnRef="name">
				<SimpleValue>ACH savings corporate trade payment (CTP) debit</SimpleValue>
			</Value>
		</Row>
		<Row>
			
			<Value ColumnRef="code">
				<SimpleValue>39</SimpleValue>
			</Value>
			<Value ColumnRef="name">
				<SimpleValue>ACH savings corporate trade exchange (CTX) credit</SimpleValue>
			</Value>
		</Row>
		<Row>
			
			<Value ColumnRef="code">
				<SimpleValue>40</SimpleValue>
			</Value>
			<Value ColumnRef="name">
				<SimpleValue>ACH savings corporate trade exchange (CTX) debit</SimpleValue>
			</Value>
		</Row>
		<Row>
			
			<Value ColumnRef="code">
				<SimpleValue>41</SimpleValue>
			</Value>
			<Value ColumnRef="name">
				<SimpleValue>ACH savings cash concentration/disbursement plus (CCD+) credit</SimpleValue>
			</Value>
		</Row>
		<Row>
			
			<Value ColumnRef="code">
				<SimpleValue>42</SimpleValue>
			</Value>
			<Value ColumnRef="name">
				<SimpleValue>Payment to bank account</SimpleValue>
			</Value>
		</Row>
		<Row>
			
			<Value ColumnRef="code">
				<SimpleValue>43</SimpleValue>
			</Value>
			<Value ColumnRef="name">
				<SimpleValue>ACH savings cash concentration/disbursement plus (CCD+) debit</SimpleValue>
			</Value>
		</Row>
		<Row>
			
			<Value ColumnRef="code">
				<SimpleValue>44</SimpleValue>
			</Value>
			<Value ColumnRef="name">
				<SimpleValue>Accepted bill of exchange</SimpleValue>
			</Value>
		</Row>
		<Row>
			
			<Value ColumnRef="code">
				<SimpleValue>45</SimpleValue>
			</Value>
			<Value ColumnRef="name">
				<SimpleValue>Referenced home-banking credit transfer</SimpleValue>
			</Value>
		</Row>
		<Row>
			
			<Value ColumnRef="code">
				<SimpleValue>46</SimpleValue>
			</Value>
			<Value ColumnRef="name">
				<SimpleValue>Interbank debit transfer</SimpleValue>
			</Value>
		</Row>
		<Row>
			
			<Value ColumnRef="code">
				<SimpleValue>47</SimpleValue>
			</Value>
			<Value ColumnRef="name">
				<SimpleValue>Home-banking debit transfer</SimpleValue>
			</Value>
		</Row>
		<Row>
			
			<Value ColumnRef="code">
				<SimpleValue>48</SimpleValue>
			</Value>
			<Value ColumnRef="name">
				<SimpleValue>Bank card</SimpleValue>
			</Value>
		</Row>
		<Row>
			
			<Value ColumnRef="code">
				<SimpleValue>49</SimpleValue>
			</Value>
			<Value ColumnRef="name">
				<SimpleValue>Direct debit</SimpleValue>
			</Value>
		</Row>
		<Row>
			
			<Value ColumnRef="code">
				<SimpleValue>50</SimpleValue>
			</Value>
			<Value ColumnRef="name">
				<SimpleValue>Payment by postgiro</SimpleValue>
			</Value>
		</Row>
		<Row>
			
			<Value ColumnRef="code">
				<SimpleValue>51</SimpleValue>
			</Value>
			<Value ColumnRef="name">
				<SimpleValue>FR, norme 6 97-Telereglement CFONB (French Organisation for</SimpleValue>
			</Value>
		</Row>
		<Row>
			
			<Value ColumnRef="code">
				<SimpleValue>52</SimpleValue>
			</Value>
			<Value ColumnRef="name">
				<SimpleValue>Urgent commercial payment</SimpleValue>
			</Value>
		</Row>
		<Row>
			
			<Value ColumnRef="code">
				<SimpleValue>53</SimpleValue>
			</Value>
			<Value ColumnRef="name">
				<SimpleValue>Urgent Treasury Payment</SimpleValue>
			</Value>
		</Row>
		<Row>
			
			<Value ColumnRef="code">
				<SimpleValue>54</SimpleValue>
			</Value>
			<Value ColumnRef="name">
				<SimpleValue>Credit card</SimpleValue>
			</Value>
		</Row>
		<Row>
			
			<Value ColumnRef="code">
				<SimpleValue>55</SimpleValue>
			</Value>
			<Value ColumnRef="name">
				<SimpleValue>Debit card</SimpleValue>
			</Value>
		</Row>
		<Row>
			
			<Value ColumnRef="code">
				<SimpleValue>56</SimpleValue>
			</Value>
			<Value ColumnRef="name">
				<SimpleValue>Bankgiro</SimpleValue>
			</Value>
		</Row>
		<Row>
			
			<Value ColumnRef="code">
				<SimpleValue>57</SimpleValue>
			</Value>
			<Value ColumnRef="name">
				<SimpleValue>Standing agreement</SimpleValue>
			</Value>
		</Row>
		<Row>
			
			<Value ColumnRef="code">
				<SimpleValue>58</SimpleValue>
			</Value>
			<Value ColumnRef="name">
				<SimpleValue>SEPA credit transfer</SimpleValue>
			</Value>
		</Row>
		<Row>
			
			<Value ColumnRef="code">
				<SimpleValue>59</SimpleValue>
			</Value>
			<Value ColumnRef="name">
				<SimpleValue>SEPA direct debit</SimpleValue>
			</Value>
		</Row>
		<Row>
			
			<Value ColumnRef="code">
				<SimpleValue>60</SimpleValue>
			</Value>
			<Value ColumnRef="name">
				<SimpleValue>Promissory note</SimpleValue>
			</Value>
		</Row>
		<Row>
			
			<Value ColumnRef="code">
				<SimpleValue>61</SimpleValue>
			</Value>
			<Value ColumnRef="name">
				<SimpleValue>Promissory note signed by the debtor</SimpleValue>
			</Value>
		</Row>
		<Row>
			
			<Value ColumnRef="code">
				<SimpleValue>62</SimpleValue>
			</Value>
			<Value ColumnRef="name">
				<SimpleValue>Promissory note signed by the debtor and endorsed by a bank</SimpleValue>
			</Value>
		</Row>
		<Row>
			
			<Value ColumnRef="code">
				<SimpleValue>63</SimpleValue>
			</Value>
			<Value ColumnRef="name">
				<SimpleValue>Promissory note signed by the debtor and endorsed by a third party</SimpleValue>
			</Value>
		</Row>
		<Row>
			
			<Value ColumnRef="code">
				<SimpleValue>64</SimpleValue>
			</Value>
			<Value ColumnRef="name">
				<SimpleValue>Promissory note signed by a bank</SimpleValue>
			</Value>
		</Row>
		<Row>
			
			<Value ColumnRef="code">
				<SimpleValue>65</SimpleValue>
			</Value>
			<Value ColumnRef="name">
				<SimpleValue>Promissory note signed by a bank and endorsed by another bank</SimpleValue>
			</Value>
		</Row>
		<Row>
			
			<Value ColumnRef="code">
				<SimpleValue>66</SimpleValue>
			</Value>
			<Value ColumnRef="name">
				<SimpleValue>Promissory note signed by a third party</SimpleValue>
			</Value>
		</Row>
		<Row>
			
			<Value ColumnRef="code">
				<SimpleValue>67</SimpleValue>
			</Value>
			<Value ColumnRef="name">
				<SimpleValue>Promissory note signed by a third party and endorsed by a bank</SimpleValue>
			</Value>
		</Row>
		<Row>
			
			<Value ColumnRef="code">
				<SimpleValue>68</SimpleValue>
			</Value>
			<Value ColumnRef="name">
				<SimpleValue>Online payment service</SimpleValue>
			</Value>
		</Row>
		<Row>
			
			<Value ColumnRef="code">
				<SimpleValue>70</SimpleValue>
			</Value>
			<Value ColumnRef="name">
				<SimpleValue>Bill drawn by the creditor on the debtor</SimpleValue>
			</Value>
		</Row>
		<Row>
			
			<Value ColumnRef="code">
				<SimpleValue>74</SimpleValue>
			</Value>
			<Value ColumnRef="name">
				<SimpleValue>Bill drawn by the creditor on a bank</SimpleValue>
			</Value>
		</Row>
		<Row>
			
			<Value ColumnRef="code">
				<SimpleValue>75</SimpleValue>
			</Value>
			<Value ColumnRef="name">
				<SimpleValue>Bill drawn by the creditor, endorsed by another bank</SimpleValue>
			</Value>
		</Row>
		<Row>
			
			<Value ColumnRef="code">
				<SimpleValue>76</SimpleValue>
			</Value>
			<Value ColumnRef="name">
				<SimpleValue>Bill drawn by the creditor on a bank and endorsed by a third party</SimpleValue>
			</Value>
		</Row>
		<Row>
			
			<Value ColumnRef="code">
				<SimpleValue>77</SimpleValue>
			</Value>
			<Value ColumnRef="name">
				<SimpleValue>Bill drawn by the creditor on a third party</SimpleValue>
			</Value>
		</Row>
		<Row>
			
			<Value ColumnRef="code">
				<SimpleValue>78</SimpleValue>
			</Value>
			<Value ColumnRef="name">
				<SimpleValue>Bill drawn by creditor on third party, accepted and endorsed by bank</SimpleValue>
			</Value>
		</Row>
		<Row>
			
			<Value ColumnRef="code">
				<SimpleValue>91</SimpleValue>
			</Value>
			<Value ColumnRef="name">
				<SimpleValue>Not transferable banker's draft</SimpleValue>
			</Value>
		</Row>
		<Row>
			
			<Value ColumnRef="code">
				<SimpleValue>92</SimpleValue>
			</Value>
			<Value ColumnRef="name">
				<SimpleValue>Not transferable local cheque</SimpleValue>
			</Value>
		</Row>
		<Row>
			
			<Value ColumnRef="code">
				<SimpleValue>93</SimpleValue>
			</Value>
			<Value ColumnRef="name">
				<SimpleValue>Reference giro</SimpleValue>
			</Value>
		</Row>
		<Row>
			
			<Value ColumnRef="code">
				<SimpleValue>94</SimpleValue>
			</Value>
			<Value ColumnRef="name">
				<SimpleValue>Urgent giro</SimpleValue>
			</Value>
		</Row>
		<Row>
			
			<Value ColumnRef="code">
				<SimpleValue>95</SimpleValue>
			</Value>
			<Value ColumnRef="name">
				<SimpleValue>Free format giro</SimpleValue>
			</Value>
		</Row>
		<Row>
			
			<Value ColumnRef="code">
				<SimpleValue>96</SimpleValue>
			</Value>
			<Value ColumnRef="name">
				<SimpleValue>Requested method for payment was not used</SimpleValue>
			</Value>
		</Row>
		<Row>
			
			<Value ColumnRef="code">
				<SimpleValue>97</SimpleValue>
			</Value>
			<Value ColumnRef="name">
				<SimpleValue>Clearing between partners</SimpleValue>
			</Value>
		</Row>
		<Row>
			
			<Value ColumnRef="code">
				<SimpleValue>ZZZ</SimpleValue>
			</Value>
			<Value ColumnRef="name">
				<SimpleValue>Mutually defined</SimpleValue>
			</Value>
		</Row>
		
		<Row>
			
			<Value ColumnRef="code">
				<SimpleValue>Z01</SimpleValue>
			</Value>
			<Value ColumnRef="name">
				<SimpleValue>GIRO (SG)</SimpleValue>
			</Value>
		</Row>

		<Row>
			
			<Value ColumnRef="code">
				<SimpleValue>Z02</SimpleValue>
			</Value>
			<Value ColumnRef="name">
				<SimpleValue>PayNow (SG)</SimpleValue>
			</Value>
		</Row>				
	</SimpleCodeList>
</CodeList>
